bls_head.browLowerer_L,bls_head.browLowerer_R,bls_head.cheekPuff_L,bls_head.cheekPuff_R,bls_head.cheekRaiser_L,bls_head.cheekRaiser_R,bls_head.cheekSuck_L,bls_head.cheekSuck_R,bls_head.chinRaiser_B,bls_head.chinRaiser_T,bls_head.dimpler_L,bls_head.dimpler_R,bls_head.eyesClosed_L,bls_head.eyesClosed_R,bls_head.eyesLookDown_L,bls_head.eyesLookDown_R,bls_head.eyesLookLeft_L,bls_head.eyesLookLeft_R,bls_head.eyesLookRight_L,bls_head.eyesLookRight_R,bls_head.eyesLookUp_L,bls_head.eyesLookUp_R,bls_head.innerBrowRaiser_L,bls_head.innerBrowRaiser_R,bls_head.jawDrop,bls_head.jawSidewaysLeft,bls_head.jawSidewaysRight,bls_head.jawThrust,bls_head.lidTightener_L,bls_head.lidTightener_R,bls_head.lipCornerDepressor_L,bls_head.lipCornerDepressor_R,bls_head.lipCornerPuller_L,bls_head.lipCornerPuller_R,bls_head.lipFunneler_LB,bls_head.lipFunneler_LT,bls_head.lipFunneler_RB,bls_head.lipFunneler_RT,bls_head.lipPressor_L,bls_head.lipPressor_R,bls_head.lipPucker_L,bls_head.lipPucker_R,bls_head.lipsToward_LB,bls_head.lipsToward_LT,bls_head.lipsToward_RB,bls_head.lipsToward_RT,bls_head.lipStretcher_L,bls_head.lipStretcher_R,bls_head.lipSuck_LB,bls_head.lipSuck_LT,bls_head.lipSuck_RB,bls_head.lipSuck_RT,bls_head.lipTightener_L,bls_head.lipTightener_R,bls_head.lowerLipDepressor_L,bls_head.lowerLipDepressor_R,bls_head.mouthLeft,bls_head.mouthRight,bls_head.nasolabialFurrow_L,bls_head.nasolabialFurrow_R,bls_head.noseWrinkler_L,bls_head.noseWrinkler_R,bls_head.nostrilCompressor_L,bls_head.nostrilCompressor_R,bls_head.nostrilDilator_L,bls_head.nostrilDilator_R,bls_head.outerBrowRaiser_L,bls_head.outerBrowRaiser_R,bls_head.upperLidRaiser_L,bls_head.upperLidRaiser_R,bls_head.upperLipRaiser_L,bls_head.upperLipRaiser_R,bls_head.jawDrop75,bls_head.lipsToward75_LB,bls_head.lipsToward75_LT,bls_head.lipsToward75_RB,bls_head.lipsToward75_RT,bls_head.cheekPuff50_L,bls_head.cheekPuff50_R,bls_head.cheekRaiser50_L,bls_head.cheekRaiser50_R,bls_head.dimpler50_L,bls_head.dimpler50_R,bls_head.eyesClosed50_L,bls_head.eyesClosed50_R,bls_head.eyesLookDown50_L,bls_head.eyesLookDown50_R,bls_head.eyesLookLeft50_L,bls_head.eyesLookLeft50_R,bls_head.eyesLookRight50_L,bls_head.eyesLookRight50_R,bls_head.innerBrowRaiser50_L,bls_head.innerBrowRaiser50_R,bls_head.jawDrop50,bls_head.lipCornerDepressor50_L,bls_head.lipCornerDepressor50_R,bls_head.lipCornerPuller50_L,bls_head.lipCornerPuller50_R,bls_head.lipFunneler50_LB,bls_head.lipFunneler50_LT,bls_head.lipFunneler50_RB,bls_head.lipFunneler50_RT,bls_head.lipPucker50_L,bls_head.lipPucker50_R,bls_head.lipsToward50_LB,bls_head.lipsToward50_LT,bls_head.lipsToward50_RB,bls_head.lipsToward50_RT,bls_head.lipStretcher50_L,bls_head.lipStretcher50_R,bls_head.lipSuck50_LB,bls_head.lipSuck50_LT,bls_head.lipSuck50_RB,bls_head.lipSuck50_RT,bls_head.lowerLipDepressor50_L,bls_head.lowerLipDepressor50_R,bls_head.outerBrowRaiser50_L,bls_head.outerBrowRaiser50_R,bls_head.jawDrop25,bls_head.lipCornerPuller25_L,bls_head.lipCornerPuller25_R,bls_head.lipsToward25_LB,bls_head.lipsToward25_LT,bls_head.lipsToward25_RB,bls_head.lipsToward25_RT,bls_head.lipStretcher25_L,bls_head.lipStretcher25_R,bls_head.browLowerer_cheekRaiser_L,bls_head.browLowerer_cheekRaiser_R,bls_head.browLowerer_eyesClosed_L,bls_head.browLowerer_eyesClosed_R,bls_head.browLowerer_eyesLookDown_L,bls_head.browLowerer_eyesLookDown_R,bls_head.browLowerer_innerBrowRaiser_L,bls_head.browLowerer_innerBrowRaiser_R,bls_head.cheekPuff_jawDrop_L,bls_head.cheekPuff_jawDrop_R,bls_head.cheekRaiser_eyesClosed_L,bls_head.cheekRaiser_eyesClosed_R,bls_head.cheekRaiser_eyesLookDown_L,bls_head.cheekRaiser_eyesLookDown_R,bls_head.cheekRaiser_lidTightener_L,bls_head.cheekRaiser_lidTightener_R,bls_head.cheekRaiser_lipCornerPuller_L,bls_head.cheekRaiser_lipCornerPuller_R,bls_head.cheekRaiser_noseWrinkler_L,bls_head.cheekRaiser_noseWrinkler_R,bls_head.cheekRaiser_outerBrowRaiser_L,bls_head.cheekRaiser_outerBrowRaiser_R,bls_head.dimpler_jawDrop_L,bls_head.dimpler_jawDrop_R,bls_head.dimpler_lipCornerPuller_L,bls_head.dimpler_lipCornerPuller_R,bls_head.dimpler_lipStretcher_L,bls_head.dimpler_lipStretcher_R,bls_head.eyesClosed_eyesLookDown_L,bls_head.eyesClosed_eyesLookDown_R,bls_head.eyesClosed_eyesLookLeft_L,bls_head.eyesClosed_eyesLookLeft_R,bls_head.eyesClosed_eyesLookRight_L,bls_head.eyesClosed_eyesLookRight_R,bls_head.eyesClosed_eyesLookUp_L,bls_head.eyesClosed_eyesLookUp_R,bls_head.eyesClosed_innerBrowRaiser_L,bls_head.eyesClosed_innerBrowRaiser_R,bls_head.eyesClosed_lidTightener_L,bls_head.eyesClosed_lidTightener_R,bls_head.eyesClosed_outerBrowRaiser_L,bls_head.eyesClosed_outerBrowRaiser_R,bls_head.eyesLookDown_eyesLookLeft_L,bls_head.eyesLookDown_eyesLookLeft_R,bls_head.eyesLookDown_eyesLookRight_L,bls_head.eyesLookDown_eyesLookRight_R,bls_head.eyesLookDown_innerBrowRaiser_L,bls_head.eyesLookDown_innerBrowRaiser_R,bls_head.eyesLookDown_outerBrowRaiser_L,bls_head.eyesLookDown_outerBrowRaiser_R,bls_head.eyesLookDown_upperLidRaiser_L,bls_head.eyesLookDown_upperLidRaiser_R,bls_head.eyesLookLeft_eyesLookUp_L,bls_head.eyesLookLeft_eyesLookUp_R,bls_head.eyesLookRight_eyesLookUp_L,bls_head.eyesLookRight_eyesLookUp_R,bls_head.jawDrop_lipCornerDepressor_L,bls_head.jawDrop_lipCornerDepressor_R,bls_head.jawDrop_lipCornerPuller_L,bls_head.jawDrop_lipCornerPuller_R,bls_head.jawDrop_lipFunneler_LB,bls_head.jawDrop_lipFunneler_LT,bls_head.jawDrop_lipFunneler_RB,bls_head.jawDrop_lipFunneler_RT,bls_head.jawDrop_lipPucker_L,bls_head.jawDrop_lipPucker_R,bls_head.jawDrop_lipsToward_LB,bls_head.jawDrop_lipsToward_LT,bls_head.jawDrop_lipsToward_RB,bls_head.jawDrop_lipsToward_RT,bls_head.jawDrop_lipStretcher_L,bls_head.jawDrop_lipStretcher_R,bls_head.jawDrop_lipSuck_LB,bls_head.jawDrop_lipSuck_LT,bls_head.jawDrop_lipSuck_RB,bls_head.jawDrop_lipSuck_RT,bls_head.jawDrop_lowerLipDepressor_L,bls_head.jawDrop_lowerLipDepressor_R,bls_head.jawDrop_upperLipRaiser_L,bls_head.jawDrop_upperLipRaiser_R,bls_head.lidTightener_lipCornerPuller_L,bls_head.lidTightener_lipCornerPuller_R,bls_head.lidTightener_upperLidRaiser_L,bls_head.lidTightener_upperLidRaiser_R,bls_head.lipCornerDepressor_lipCornerPuller_L,bls_head.lipCornerDepressor_lipCornerPuller_R,bls_head.lipCornerDepressor_upperLipRaiser_L,bls_head.lipCornerDepressor_upperLipRaiser_R,bls_head.lipCornerPuller_lipStretcher_L,bls_head.lipCornerPuller_lipStretcher_R,bls_head.lipCornerPuller_lowerLipDepressor_L,bls_head.lipCornerPuller_lowerLipDepressor_R,bls_head.lipCornerPuller_nasolabialFurrow_L,bls_head.lipCornerPuller_nasolabialFurrow_R,bls_head.lipCornerPuller_noseWrinkler_L,bls_head.lipCornerPuller_noseWrinkler_R,bls_head.lipCornerPuller_upperLipRaiser_L,bls_head.lipCornerPuller_upperLipRaiser_R,bls_head.lipFunneler_lipPucker_LB,bls_head.lipFunneler_lipPucker_LT,bls_head.lipFunneler_lipPucker_RB,bls_head.lipFunneler_lipPucker_RT,bls_head.lipFunneler_lowerLipDepressor_LB,bls_head.lipFunneler_lowerLipDepressor_LT,bls_head.lipFunneler_lowerLipDepressor_RB,bls_head.lipFunneler_lowerLipDepressor_RT,bls_head.lipStretcher_lowerLipDepressor_L,bls_head.lipStretcher_lowerLipDepressor_R,bls_head.nasolabialFurrow_upperLipRaiser_L,bls_head.nasolabialFurrow_upperLipRaiser_R,bls_head.noseWrinkler_upperLipRaiser_L,bls_head.noseWrinkler_upperLipRaiser_R,bls_head.eyesClosed50_eyesLookDown_L,bls_head.eyesClosed50_eyesLookDown_R,bls_head.eyesClosed50_innerBrowRaiser_L,bls_head.eyesClosed50_innerBrowRaiser_R,bls_head.eyesClosed50_outerBrowRaiser_L,bls_head.eyesClosed50_outerBrowRaiser_R,bls_head.eyesClosed_eyesLookDown50_L,bls_head.eyesClosed_eyesLookDown50_R,bls_head.browLowerer_eyesClosed_eyesLookDown_L,bls_head.browLowerer_eyesClosed_eyesLookDown_R,bls_head.browLowerer_eyesClosed_lidTightener_L,bls_head.browLowerer_eyesClosed_lidTightener_R,bls_head.cheekRaiser_eyesClosed_eyesLookDown_L,bls_head.cheekRaiser_eyesClosed_eyesLookDown_R,bls_head.cheekRaiser_eyesClosed_lidTightener_L,bls_head.cheekRaiser_eyesClosed_lidTightener_R,bls_head.cheekRaiser_eyesClosed_lipCornerPuller_L,bls_head.cheekRaiser_eyesClosed_lipCornerPuller_R,bls_head.cheekRaiser_lidTightener_lipCornerPuller_L,bls_head.cheekRaiser_lidTightener_lipCornerPuller_R,bls_head.dimpler_jawDrop_lipCornerPuller_L,bls_head.dimpler_jawDrop_lipCornerPuller_R,bls_head.dimpler_lipCornerPuller_lipStretcher_L,bls_head.dimpler_lipCornerPuller_lipStretcher_R,bls_head.eyesClosed_eyesLookDown_eyesLookLeft_L,bls_head.eyesClosed_eyesLookDown_eyesLookLeft_R,bls_head.eyesClosed_eyesLookDown_eyesLookRight_L,bls_head.eyesClosed_eyesLookDown_eyesLookRight_R,bls_head.eyesClosed_eyesLookDown_innerBrowRaiser_L,bls_head.eyesClosed_eyesLookDown_innerBrowRaiser_R,bls_head.eyesClosed_eyesLookDown_outerBrowRaiser_L,bls_head.eyesClosed_eyesLookDown_outerBrowRaiser_R,bls_head.jawDrop_lipCornerPuller_lipStretcher_L,bls_head.jawDrop_lipCornerPuller_lipStretcher_R,bls_head.jawDrop_lipCornerPuller_lowerLipDepressor_L,bls_head.jawDrop_lipCornerPuller_lowerLipDepressor_R,bls_head.jawDrop_lipCornerPuller_upperLipRaiser_L,bls_head.jawDrop_lipCornerPuller_upperLipRaiser_R,bls_head.jawDrop_lipFunneler_lipPucker_LB,bls_head.jawDrop_lipFunneler_lipPucker_LT,bls_head.jawDrop_lipFunneler_lipPucker_RB,bls_head.jawDrop_lipFunneler_lipPucker_RT,bls_head.jawDrop_lipFunneler_lipsToward_LB,bls_head.jawDrop_lipFunneler_lipsToward_LT,bls_head.jawDrop_lipFunneler_lipsToward_RB,bls_head.jawDrop_lipFunneler_lipsToward_RT,bls_head.jawDrop_lipPucker_lipsToward_LB,bls_head.jawDrop_lipPucker_lipsToward_LT,bls_head.jawDrop_lipPucker_lipsToward_RB,bls_head.jawDrop_lipPucker_lipsToward_RT,bls_head.lipCornerPuller_lipStretcher_lowerLipDepressor_L,bls_head.lipCornerPuller_lipStretcher_lowerLipDepressor_R,bls_head.lipCornerPuller_nasolabialFurrow_upperLipRaiser_L,bls_head.lipCornerPuller_nasolabialFurrow_upperLipRaiser_R,bls_head.lipCornerPuller_noseWrinkler_upperLipRaiser_L,bls_head.lipCornerPuller_noseWrinkler_upperLipRaiser_R,bls_head.jawDrop_lipPucker_lipsToward75_LB,bls_head.jawDrop_lipPucker_lipsToward75_LT,bls_head.jawDrop_lipPucker_lipsToward75_RB,bls_head.jawDrop_lipPucker_lipsToward75_RT,bls_head.eyesClosed50_eyesLookDown_innerBrowRaiser_L,bls_head.eyesClosed50_eyesLookDown_innerBrowRaiser_R,bls_head.eyesClosed50_eyesLookDown_outerBrowRaiser_L,bls_head.eyesClosed50_eyesLookDown_outerBrowRaiser_R,bls_head.jawDrop_lipPucker_lipsToward50_LB,bls_head.jawDrop_lipPucker_lipsToward50_LT,bls_head.jawDrop_lipPucker_lipsToward50_RB,bls_head.jawDrop_lipPucker_lipsToward50_RT,bls_head.jawDrop_lipPucker_lipsToward25_LB,bls_head.jawDrop_lipPucker_lipsToward25_LT,bls_head.jawDrop_lipPucker_lipsToward25_RB,bls_head.jawDrop_lipPucker_lipsToward25_RT,bls_head.browLowerer_cheekRaiser_eyesClosed_lidTightener_L,bls_head.browLowerer_cheekRaiser_eyesClosed_lidTightener_R,bls_head.jawDrop_lipFunneler_lipPucker_lipsToward_LB,bls_head.jawDrop_lipFunneler_lipPucker_lipsToward_LT,bls_head.jawDrop_lipFunneler_lipPucker_lipsToward_RB,bls_head.jawDrop_lipFunneler_lipPucker_lipsToward_RT,bls_head.neck_reduction,
Tracking_20240521_112309
Tracking_20240521_112309
Tracking_20240521_112309
Tracking_20240521_112309
Tracking_20240521_112309
Tracking_20240521_112309
Tracking_20240521_112309
Tracking_20240521_112309
Tracking_20240521_112309
Tracking_20240521_112309
Tracking_20240521_112309
Tracking_20240521_112309
Tracking_20240521_112309
Tracking_20240521_112309
Tracking_20240521_112309
Tracking_20240521_112309
Tracking_20240521_112309
Tracking_20240521_112309
Tracking_20240521_112309
Tracking_20240521_112309
Tracking_20240521_112309
Tracking_20240521_112309
Tracking_20240521_112309
Tracking_20240521_112309
Tracking_20240521_112309
Tracking_20240521_112309
Tracking_20240521_112309
Tracking_20240521_112309
Tracking_20240521_112309
Tracking_20240521_112309
Tracking_20240521_112310
Tracking_20240521_112310
Tracking_20240521_112310
Tracking_20240521_112310
Tracking_20240521_112310
Tracking_20240521_112310
Tracking_20240521_112310
Tracking_20240521_112310
Tracking_20240521_112310
Tracking_20240521_112310
Tracking_20240521_112310
Tracking_20240521_112310
Tracking_20240521_112310
Tracking_20240521_112310
Tracking_20240521_112310
Tracking_20240521_112310
Tracking_20240521_112310
Tracking_20240521_112310
Tracking_20240521_112310
Tracking_20240521_112310
Tracking_20240521_112310
Tracking_20240521_112310
Tracking_20240521_112310
Tracking_20240521_112310
Tracking_20240521_112310
Tracking_20240521_112310
Tracking_20240521_112310
Tracking_20240521_112310
Tracking_20240521_112310
Tracking_20240521_112310
Tracking_20240521_112310
Tracking_20240521_112310
Tracking_20240521_112310
Tracking_20240521_112310
Tracking_20240521_112310
Tracking_20240521_112310
Tracking_20240521_112310
Tracking_20240521_112310
Tracking_20240521_112310
Tracking_20240521_112310
Tracking_20240521_112311
Tracking_20240521_112311
Tracking_20240521_112311
Tracking_20240521_112311
Tracking_20240521_112311
Tracking_20240521_112311
Tracking_20240521_112311
Tracking_20240521_112311
Tracking_20240521_112311
Tracking_20240521_112311
Tracking_20240521_112311
Tracking_20240521_112311
Tracking_20240521_112311
Tracking_20240521_112311
Tracking_20240521_112311
Tracking_20240521_112311
Tracking_20240521_112311
Tracking_20240521_112311
Tracking_20240521_112311
Tracking_20240521_112311
Tracking_20240521_112311
Tracking_20240521_112311
Tracking_20240521_112311
Tracking_20240521_112311
Tracking_20240521_112311
Tracking_20240521_112311
Tracking_20240521_112311
Tracking_20240521_112311
Tracking_20240521_112311
Tracking_20240521_112311
Tracking_20240521_112311
Tracking_20240521_112311
Tracking_20240521_112311
Tracking_20240521_112311
Tracking_20240521_112311
Tracking_20240521_112311
Tracking_20240521_112311
Tracking_20240521_112311
Tracking_20240521_112311
Tracking_20240521_112311
Tracking_20240521_112312
Tracking_20240521_112312
Tracking_20240521_112312
Tracking_20240521_112312
Tracking_20240521_112312
Tracking_20240521_112312
Tracking_20240521_112312
Tracking_20240521_112312
Tracking_20240521_112312
Tracking_20240521_112312
Tracking_20240521_112312
Tracking_20240521_112312
Tracking_20240521_112312
Tracking_20240521_112312
Tracking_20240521_112312
Tracking_20240521_112312
Tracking_20240521_112312
Tracking_20240521_112312
Tracking_20240521_112312
Tracking_20240521_112312
Tracking_20240521_112312
Tracking_20240521_112312
Tracking_20240521_112312
Tracking_20240521_112312
Tracking_20240521_112312
Tracking_20240521_112312
Tracking_20240521_112312
Tracking_20240521_112312
Tracking_20240521_112312
Tracking_20240521_112312
Tracking_20240521_112312
Tracking_20240521_112312
Tracking_20240521_112312
Tracking_20240521_112312
Tracking_20240521_112312
Tracking_20240521_112312
Tracking_20240521_112312
Tracking_20240521_112312
Tracking_20240521_112312
Tracking_20240521_112313
Tracking_20240521_112313
Tracking_20240521_112313
Tracking_20240521_112313
Tracking_20240521_112313
Tracking_20240521_112313
Tracking_20240521_112313
Tracking_20240521_112313
Tracking_20240521_112313
Tracking_20240521_112313
Tracking_20240521_112313
Tracking_20240521_112313
Tracking_20240521_112313
